id_formula_lujo,mediana,dam,similitud_maxima,separacion_maxima,candidatas_nivel_1,candidatas_nivel_2
F0001,0.30594971707377533,0.03704147517351769,0.6415382102669509,6.110753866716898,5,133
F0002,0.31374562237335046,0.04141864567113393,0.7156814789690578,6.545410087250987,5,133
F0003,0.2512898558576672,0.03913284108598025,0.6708095548797148,7.230810555948816,5,133
F0004,0.2615530374920386,0.061315270773639324,0.5951164345985062,3.669321299721964,5,133
F0005,0.31243989871720024,0.04073336289321566,0.7161585757223088,6.685048759217852,5,133
F0117,0.4305866042217187,0.041882684852011354,0.6255323927537387,3.1394628455250846,3,135
F0118,0.4134759794062677,0.04020587403490225,0.6336338597289481,3.693352264266057,5,133
F0119,0.40485662170196396,0.04289291569053755,0.6103445140295722,3.2312954791709183,5,133
F0120,0.4069260024607039,0.041617426273689334,0.5682112777445761,2.6139393412558336,2,136
F0121,0.40361479498395325,0.04090002971246062,0.5700614297874952,2.744905514989424,5,133
F0122,0.4150029109158264,0.050348222347092936,0.5931052081557493,2.3859502506709256,0,138
F0123,0.39091540617113485,0.040826661850049045,0.5982331104241287,3.4250626786029534,5,133
F0124,0.35214351897947116,0.04383224277053413,0.7722143021652779,6.464051202403721,5,133
F0125,0.375775555508476,0.04628084129381596,0.6067811746536941,3.36664483930716,3,135
F0126,0.41188899271873297,0.04701050801628576,0.5775013990535804,2.376150406390851,0,138
F0127,0.3728803121679086,0.04847584540217259,0.613143427915672,3.343010319272514,5,134
F0128,0.36783633946653027,0.05023624157332235,0.6368575951200358,3.611981019245664,5,133
F0129,0.39806976841753144,0.04324923245047002,0.594487694363178,3.0632237507941498,4,134
F0130,0.3982801845361572,0.04244814092379662,0.5758161086027586,2.8210031735672727,3,135
F0131,0.4016707014706842,0.04237516480188716,0.5987990287521019,3.137716060905394,5,133
F0132,0.4074075818838816,0.04138586451073986,0.5834190074060644,2.868565909652734,2,136
F0133,0.46094239219054023,0.04798581481215297,0.6378902426121147,2.4871869006665697,2,136
F0134,0.37529741595297594,0.06154671312148585,0.5610484977946344,2.035647103000888,0,138
F0135,0.440598365519811,0.04267188276544137,0.6252266509774657,2.9183168027460025,1,137
F0136,0.3774979770847235,0.0559113256557513,0.7103163598832701,4.014981243043959,5,133
F0137,0.42803470417822786,0.054959639069285915,0.7306903001436388,3.714333031285024,6,132
F0138,0.45381358998372046,0.049285571062722994,0.6831078439672018,3.1379743031913847,2,136
F0139,0.41763150819887174,0.05461786465668833,0.6860297944098221,3.314522913822335,6,132
F0140,0.37187176659138527,0.04858400962328918,0.63728774310573,3.6847642869428254,5,133
F0141,0.4030168627973023,0.05579208516289827,0.697239373606132,3.556962680120938,5,133
F0142,0.4088311313849222,0.061547848779561265,0.7009751542412165,3.2015488398081153,4,134
F0143,0.36662429733771706,0.05884786666473396,0.6793498407862408,3.5843353593432994,5,133
F0144,0.4021228110309244,0.0580181970841884,0.7659264327374148,4.229400316405561,5,133
F0145,0.439383556677008,0.0553939574629832,0.758453511044201,3.8850760209920665,5,133
F0146,0.3046241688288538,0.05833065579404928,0.5987906952433233,3.401515054355499,5,133
F0147,0.4298937145853111,0.0475305060865254,0.7001611451440847,3.8352817907624597,5,133
F0148,0.4015809203211125,0.0562328265880184,0.6760951072020434,3.292690295526968,4,134
F0149,0.3797624258001419,0.049762426945214044,0.6101002885473694,3.122049496332598,1,137
F0150,0.3820888568494124,0.05401510278461599,0.5869297601315486,2.557864176942565,1,137
F0151,0.33853296550647105,0.07158979635633012,0.6021060361658224,2.4832812726793674,3,135
F0152,0.3912481420831821,0.04560204752968275,0.5848965395159713,2.8642146949838114,3,135
F0153,0.33467170331089297,0.04860480252662355,0.5511694005294796,3.004347073355808,4,134
F0154,0.4113908830879484,0.06214472124727621,0.6206525950836645,2.2712321854617614,0,138
F0155,0.36291004159620655,0.052729844953774974,0.5666133024231895,2.6056584695725418,2,136
F0156,0.3634872436872154,0.05415330212146516,0.6297369765517923,3.3161963812929955,5,133
F0157,0.3510878079434596,0.06853527422329322,0.5911329420227348,2.3624071929191084,0,138
F0158,0.34656014134406266,0.05043058810432674,0.5741212960124109,3.043547612851585,1,137
F0159,0.4167173494518949,0.05585531148390832,0.6215374820858145,2.4733419820986873,0,138
F0160,0.4108255698153236,0.04302346467985271,0.5874874471637576,2.769577129828547,4,134
F0161,0.36332074598352054,0.054743087261821144,0.5608573716594677,2.4338530276778014,0,138
F0162,0.38065587416991364,0.05703468946283807,0.5696217834415954,2.234705945806683,0,138
F0163,0.40978821440136964,0.059962736378920856,0.628769273869424,2.463208152780696,0,138
F0164,0.38735282172516594,0.046260059331929976,0.5774020120010751,2.7709956393988473,2,136
F0165,0.36914010778992157,0.052223817321910365,0.6314751565761563,3.3881584182648656,3,135
F0166,0.4156821453466427,0.04373218233772344,0.5936564384275357,2.744935415763444,3,135
F0167,0.3351985463731374,0.03819702857556556,0.6653853968823248,5.830505352753851,5,133
F0168,0.3281583640485738,0.0359019343671905,0.6489723566625273,6.027142474157377,5,133
F0169,0.3725388010225889,0.05006726293444927,0.6200971695267061,3.3350301614398714,2,136
F0170,0.3182720176028857,0.05762546364881277,0.5688713515190464,2.9331986999279014,2,136
F0171,0.33064230710834164,0.049404207290198954,0.7777967852550439,6.104774878725015,5,133
F0172,0.38066798200875623,0.03484192011879422,0.5996326119353298,4.238848462832574,5,133
F0173,0.43710183552171944,0.046716031486591064,0.6521188625108812,3.10443745368111,5,133
F0174,0.3744075942163469,0.04249697421768922,0.5624858619721127,2.985084373532295,5,133
F0175,0.33849951454548177,0.036955689193437447,0.6766012666287923,6.170809218287718,5,133
F0176,0.4526422024159098,0.05445965471103309,0.675768719783918,2.7634544316790555,3,135
F0177,0.3646625190127605,0.040339310672534434,0.5994341296346376,3.925483091105694,5,133
F0178,0.3737742655814815,0.04719139666497027,0.5574022612936437,2.62453317854434,1,137
F0179,0.3515403598880156,0.039248698432066076,0.5074326083780185,2.6790157452617755,5,133
F0180,0.4133847715887724,0.045888568111719125,0.629917024838815,3.182688193500231,3,135
F0181,0.35566699028367166,0.03665130746721412,0.527751628391267,3.166858327094477,5,133
F0182,0.41694747292609724,0.04719230226695023,0.609830897862697,2.756765013073847,2,136
F0183,0.42628049775347376,0.04630489186389922,0.6431153113789508,3.158480070595686,1,137
F0184,0.36873000801912714,0.032352078861615424,0.5646397346618065,4.084414509413535,5,133
F0185,0.3412570423864536,0.04941803967041511,0.6521428770318015,4.243179699537737,5,133
F0186,0.3684278345076102,0.032127364109155926,0.5646735339459898,4.120036440228397,5,133
F0187,0.34051200207184984,0.04958668692183893,0.5493758252324759,2.841018980212431,5,133
F0188,0.42342610198315933,0.04506880493619955,0.6378893688462628,3.2096145427219827,3,135
F0189,0.28627817388843324,0.038924315719053304,0.5216122501404672,4.077930642831039,5,133
F0190,0.36088034301635186,0.03535712508648395,0.535553512170204,3.332155491561815,5,133
F0191,0.36825510328899924,0.04707571292227555,0.5520672681958939,2.6336214368922106,1,137
F0338,0.4098701218216767,0.05759157004273885,0.6750156280584481,3.1052842237280553,5,133
F0339,0.43479337678515795,0.049026887513145934,0.6461927898395212,2.908341889452213,2,136
F0340,0.26268104166416606,0.05662737546195146,0.628701384136558,4.359681810504649,5,133
F0341,0.3609802095606246,0.053773627888935555,0.6593706712242137,3.742756756596993,5,133
F0342,0.4445344418522839,0.047694147075984905,0.7552095824561182,4.393568695180424,5,133
F0343,0.4717386453076526,0.05244198893126925,0.7267962784019353,3.280463234938213,3,135
F0344,0.4064242570447526,0.04954599000385368,0.6356982409000866,3.1212048338681044,4,134
F0345,0.339220354150908,0.0692492291095323,0.6801298027113329,3.3204741168825014,3,135
F0346,0.32161481725384683,0.04663348345753299,0.8942303697534992,8.282115558562495,5,133
F0347,0.44797241999824045,0.059719459434180305,0.6462406464024848,2.239305041849327,0,138
F0348,0.39361504615542514,0.04368202841270136,0.6402205296515748,3.8078158432323748,5,133
F0349,0.28831262229674715,0.05622651099889696,0.6745442999778638,4.6332182627900655,5,133
F0350,0.4410788350180309,0.05860781008776056,0.6721300384136375,2.659063722444552,2,136
F0351,0.4298676711340512,0.053827344667107174,0.6344115635017392,2.5630646683875393,1,137
F0352,0.4357474025756569,0.05566851472927592,0.6350514787797625,2.414807694788248,0,138
F0353,0.4070998738469168,0.05762780733047507,0.7087936441894799,3.5311019057305395,4,134
F0354,0.33754609271041763,0.06927278606292334,0.6058229004128131,2.6121401788688074,2,136
F0374,0.39933077670521333,0.04782521789501759,0.6391327667338006,3.3819861884044062,5,134
F0375,0.4370747376993651,0.05358671866057835,0.7771403395341281,4.2803722972150196,5,133
F0376,0.40673756462169086,0.05632537252800468,0.6975165065038043,3.4820490401968267,1,137
F0377,0.37002171153099894,0.050039345092557974,0.6411075682019645,3.6540227497213245,5,134
F0378,0.4244013986764001,0.0507152640684192,0.6734299297610294,3.3119701957187924,1,137
F0379,0.42615707202242264,0.04442607068258328,0.6373266690973322,3.206044102506259,4,133
F0380,0.4350542794061705,0.05017267729159003,0.6749780213131551,3.2253879129235563,2,136
F0381,0.41349003079356683,0.055318229456025936,0.6131830864691286,2.434841499977535,0,138
F0382,0.4357671350564327,0.05001858935918577,0.6764167396063047,3.245112199686147,2,136
F0383,0.4306795336050345,0.045292385792041256,0.7059324344293463,4.099045234171551,4,134
F0384,0.3965073227190498,0.048973739086403845,0.6345921814952773,3.279023415641909,5,133
F0385,0.4354504639416177,0.048642592824770625,0.7158414042318502,3.8879732202599206,2,136
F0386,0.3996372208378568,0.05347282568214931,0.6647990965844586,3.344675219141613,1,137
F0387,0.4447029071154328,0.05503563106194348,0.7932195875001775,4.271256200885419,5,133
F0388,0.4303774406898423,0.045553863499859654,0.6696616998487024,3.5429491439590235,5,133
F0389,0.39822523184159686,0.051837342117981466,0.5621512498482374,2.1329524212800908,0,138
F0409,0.40781810237043903,0.058673277754613395,0.6663970076015425,2.9725471091520874,2,136
F0410,0.3293613594750337,0.05777963107178721,0.5937970150281915,3.0868907059157484,4,134
F0411,0.40800985562144315,0.06318288557426416,0.6498080384201925,2.5812470967995744,1,137
F0412,0.3065882735111145,0.047606911424147996,0.9991536801799281,9.812209050266594,5,133
F0413,0.3937889953729258,0.05090022417704501,0.6020652678953788,2.759917534861812,3,135
F0414,0.43268672163821603,0.06113369574513017,0.6471829508669137,2.366546350485523,0,138
F0415,0.4275774650015205,0.06608041835881465,0.7055874830743029,2.8376816141479493,2,136
F0416,0.43102110490533935,0.04166773317313896,0.6350254657964365,3.3022928255352406,5,133
F0417,0.3610356904776597,0.05129123875568159,0.8505333405187907,6.436998788641631,5,133
F0418,0.40437357540276847,0.051196529303908805,0.6232653096155586,2.8837980632617146,1,137
F0419,0.3525764374166507,0.0685621601379861,0.6069777463334798,2.502711870772632,1,137
F0420,0.4174475608112652,0.049026390564351374,0.6127234883316112,2.6865491655522056,1,138
F0421,0.3626494615853589,0.045564373154292404,0.6135316688844485,3.713816713055919,5,133
F0422,0.43286564742304,0.056139819600929425,0.6861527444050871,3.0431128497287627,4,134
F0423,0.4026650656938403,0.05292341760163255,0.7108635194601631,3.9278833184035893,5,133
F0424,0.35959820922994573,0.05903566852713163,0.8613809492311398,5.7329378973680685,5,133
F0425,0.3835779233138439,0.06127931995145,0.6593305171057534,3.0351605820969154,2,136
F0426,0.45775799047094695,0.05133710823072579,0.6862513587355883,3.0020519426908985,4,134
F0427,0.3399491888881158,0.0695825022148285,0.7866737833694818,4.330278466824077,5,133
F0428,0.4165250134433741,0.06469481587969678,0.6232482091998032,2.155240468826205,0,138
F0429,0.3821170825648308,0.04586613217150365,0.6245873087717204,3.5656794955637374,5,133
F0430,0.3816221899397032,0.04843189453329133,0.6298208352647829,3.4565588317281635,2,136
F0431,0.43112212454542453,0.0530092143282051,0.6493835179763237,2.7771642135298897,5,133
F0609,0.40142911251969665,0.052379467718600387,0.6525087611222427,3.2331543303352426,3,135
F0610,0.38522084755596736,0.05851550621140794,0.6455516308245872,3.000755168853959,3,135
F0611,0.40691957085656283,0.046927551086394625,0.6868536838390136,4.0234993750543575,2,136
F0612,0.39595901612323137,0.0481954637770258,0.6100904421346726,2.9967481758544925,5,133
F0613,0.44111215920790803,0.05144180205426646,0.8076416050118106,4.805833279518751,5,133
F0614,0.411273994107262,0.05060458718993588,0.6155069483132074,2.7221492762204145,1,137
F0615,0.43850640663830176,0.0536301255391414,0.6935888337038243,3.2080987734214426,3,135
F0616,0.4086693832826049,0.046959733324220904,0.6114266099848567,2.912237062411787,2,136
F0617,0.44572465346263257,0.05040762609548305,0.664414510282365,2.926229601385391,4,134
F0618,0.4039606678446552,0.043093248789648764,0.5940079677105271,2.9745992985750234,5,133
F0619,0.39893744408158427,0.044626884165879344,0.5959497964457909,2.9776448357558323,5,134
