id_par,marca_lujo,linea_lujo,id_formula_lujo,tonos_lujo,marca_dupe,linea_dupe,id_formula_dupe,tonos_dupe,gama_dupe,n_tonos_confirmados,n_fuentes_total,nivel_fuerza_evidencia,origen,tipo_comparacion,score_lujo,score_dupe,banda_confianza,cruelty_free_lujo,cruelty_free_dupe,cruelty_free_par,formato_lujo,formato_dupe,formato_coincide,familia_coincide,rango_modelo_final
P001,Benefit,Benetint,F0004,Rose,elf,Glossy Lip Stain,F0213,Spicy Sienns,economica,1,1,baja,Reddit,comunidad,0.64,1.0,manual_confirmado,no_libre,certificado,no_libre,tinte,tinte,True,True,68.0
P002,Benefit,Benetint,F0004,Rose,essence,What A Tint!,F0267,Spicy Red,economica,1,1,baja,Reddit,comunidad,0.64,0.667,manual_confirmado,no_libre,certificado,no_libre,tinte,tinte,True,True,4.0
P003,Charlotte Tilbury,Lip Cheat,F0135,Pillow Talk,L'Oreal,Colour Riche Lip Liner,F0397,worth it,economica,1,1,baja,Reddit,comunidad,0.75,0.88,manual_confirmado,zona_gris,no_libre,no_libre,delineador,delineador,True,True,313.0
P004,Charlotte Tilbury,Lip Cheat,F0135,Pillow Talk,maybelline,Color Sensational Shaping Lip Liner,F0437,sweet pink,economica,1,1,baja,Reddit,comunidad,0.75,0.826,manual_confirmado,zona_gris,no_libre,no_libre,delineador,delineador,True,True,250.0
P005,Charlotte Tilbury,Matte Revolution,F0144,Pillow Talk,elf,creamy Glide Lip Liner,F0222,Pinky swear,economica,1,1,baja,Reddit,comunidad,1.0,0.971,alto,zona_gris,certificado,zona_gris,barra,delineador,False,True,273.0
P006,Charlotte Tilbury,Matte Revolution,F0144,Pillow Talk,elf,Glossy Lip Stain,F0213,power mauve,economica,1,1,baja,Reddit,comunidad,1.0,1.0,alto,zona_gris,certificado,zona_gris,barra,tinte,False,False,445.0
P007,Charlotte Tilbury,Matte Revolution,F0144,Pillow Talk,elf,Hydrating Core Lip Shine,F0204,joyful,economica,1,1,baja,Reddit,comunidad,1.0,1.0,alto,zona_gris,certificado,zona_gris,barra,barra,True,True,268.0
P008,Charlotte Tilbury,Matte Revolution,F0144,Pillow Talk,elf,O FACE Satin Lipstick,F0209,dirtytalk,economica,1,1,baja,Reddit,comunidad,1.0,1.0,alto,zona_gris,certificado,zona_gris,barra,barra,True,True,103.0
P009,Charlotte Tilbury,Matte Revolution,F0144,Pillow Talk,elf,Pout Clout Lip Plumping Pen,F0196,pinky out,economica,1,1,baja,Reddit,comunidad,1.0,0.852,alto,zona_gris,certificado,zona_gris,barra,delineador,False,True,132.0
P010,Charlotte Tilbury,Matte Revolution,F0144,Pillow Talk,KIKO Milano,Smart Fusion Lipstick,F0356,light pink,economica,1,1,baja,Reddit,comunidad,1.0,1.0,manual_confirmado,zona_gris,certificado,zona_gris,barra,barra,True,True,1.0
P011,Charlotte Tilbury,Matte Revolution,F0144,Pillow Talk Medium,L'Oreal,Color Riche Intense Volume Matte,F0404,shamless 336,economica,1,1,baja,Reddit,comunidad,1.0,0.912,manual_confirmado,zona_gris,no_libre,no_libre,barra,barra,True,True,52.0
P012,Charlotte Tilbury,Matte Revolution,F0144,Pillow Talk,L'Oreal,Color Riche Satin Lipstick,F0394,fairest nude;worth it,economica,2,2,media,Reddit,comunidad,1.0,1.0,manual_confirmado,zona_gris,no_libre,no_libre,barra,barra,True,True,185.0
P013,Charlotte Tilbury,Matte Revolution,F0144,Pillow Talk,Maybelline,SuperStay Ink Crayon,F0433,lead the way,economica,1,1,baja,Reddit,comunidad,1.0,0.976,alto,zona_gris,no_libre,no_libre,barra,barra,True,True,193.0
P015,Charlotte Tilbury,Matte Revolution,F0144,Pillow Talk,nyx,Lip Lingerie,F0524,Bedtime flirt,economica,1,1,baja,Reddit,comunidad,1.0,0.667,manual_confirmado,zona_gris,certificado,zona_gris,barra,liquido,False,False,253.0
P016,Charlotte Tilbury,Matte Revolution,F0144,Pillow Talk,nyx,Slim Lip Pencil,F0507,pekaboo neutral;sandstorm,economica,2,2,media,Reddit,comunidad,1.0,1.0,alto,zona_gris,certificado,zona_gris,barra,delineador,False,True,285.0
P017,Charlotte Tilbury,Matte Revolution,F0144,90s pink;Pillow Talk,revlon,Super Lustrous Lipstick,F0527,pink in the afternoon;primrose 668;rose velvet,economica,3,3,media,Reddit,comunidad,1.0,1.0,alto,zona_gris,no_libre,no_libre,barra,barra,True,True,39.0
P018,Charlotte Tilbury,Matte Revolution,F0144,90s pink,wet n wild,MEGA LAST LIP COLOR,F0639,rose and slay,economica,1,1,baja,Reddit,comunidad,1.0,1.0,alto,zona_gris,certificado,zona_gris,barra,barra,True,True,75.0
P019,Dior,Dior Addict Lip Glow,F0169,001 pink,maybelline,Maybelline Lifter Glaze Oil Balm,F0432,002 pink,economica,1,1,baja,TikTok,creador de contenido,0.889,1.0,alto,no_libre,no_libre,no_libre,balsamo,balsamo,True,True,9.0
P020,Dior,Lip Glow Oil,F0176,000 Universal Clear;001 pink;012 Rosewood;015 Cherry;020 Mahogany,elf,Glow Reviver Lip Oil,F0211,crystal clear;jam session;pink quartz;red delicious ;rose envy,economica,5,5,alta,Reddit,comunidad,1.0,1.0,alto,no_libre,certificado,no_libre,aceite,aceite,True,True,145.0
P021,Dior,Lip Glow Oil,F0176,007 Raspeberry;015 Cherry,Milani,Fruit Fetish Lip Oil,F0474,130 Raspeberry Peach;140 Cherry Lime,economica,2,2,media,Reddit,comunidad,1.0,0.848,alto,no_libre,certificado,no_libre,aceite,balsamo,False,False,1.0
P022,Dior,Lip Glow Oil,F0176,012 Rosewood;015 Cherry;020 Mahogany,nyx,Fat Oil Lip Drip,F0494,02 Missed Call;04 That's Chic;05 Newsfeed,economica,3,3,media,Reddit,comunidad,1.0,1.0,alto,no_libre,certificado,no_libre,aceite,aceite,True,True,41.0
P023,Dior,Lip Glow Color Reviver Balm,F0176,Cherry,catrice,Power Full 5 Glossy Lip Oil,F0111,030 Watermelon Sparkle,economica,1,1,baja,Pinterest,creador de contenido,0.667,0.92,manual_confirmado,no_libre,certificado,no_libre,aceite,aceite,True,True,204.0
P025,Fenty Beauty,Gloss Bomb Cream Color Drip Lip Cream,F0350,honey waffles;mauve wive$,nyx,Fat Oil Lip Drip,F0494,newsfeed;scrollin',economica,2,2,media,Reddit,comunidad,1.0,1.0,alto,zona_gris,certificado,zona_gris,gloss,aceite,False,True,296.0
P026,Fenty Beauty,Poutsicle Hydrating Lip Stain,F0346,berry banger,elf,Glossy Lip Stain,F0213,berry queen,economica,1,1,baja,Reddit,comunidad,1.0,1.0,alto,zona_gris,certificado,zona_gris,tinte,tinte,True,True,1.0
P027,Fenty Beauty,Poutsicle Hydrating Lip Stain,F0346,berry banger,Milani,Color Fetish Hydrating Lip Stain,F0476,bitten berry,economica,1,1,baja,Reddit,comunidad,1.0,1.0,alto,zona_gris,certificado,zona_gris,tinte,tinte,True,True,4.0
P028,Fenty Beauty,Slip Shine Sheer Shiny Lipstick,F0348,bubble gum,Maybelline,Color Sensational Shine,F0441,caramel glow,economica,1,1,baja,Reddit,comunidad,1.0,0.882,manual_confirmado,zona_gris,no_libre,no_libre,barra,barra,True,True,220.0
P029,Fenty Beauty,Slip Shine Sheer Shiny Lipstick,F0348,bubble gum;latte crush,revlon,Super Lustrous Glass Shine Lipstick,F0546,iced mocha;rum raisin;smoky rose,economica,3,3,media,Reddit,comunidad,1.0,0.826,alto,zona_gris,no_libre,no_libre,barra,gloss,False,False,449.0
P031,MAC,Lustreglass Sheer-Shine Lipstick,F0414,"thanks, it's mac",essence,Hydrating Nude Lipstick,F0240,302 heavenly,economica,1,1,baja,TikTok,creador de contenido,1.0,1.0,alto,no_libre,certificado,no_libre,barra,barra,True,True,25.0
P032,MAC,Lustreglass Sheer-Shine Lipstick,F0414,alone time,KIKO Milano,Smart Fusion Lipstick,F0356,433 Light Rosy Brown,economica,1,15,alta,TikTok,"creador de contenido, comunidad",1.0,1.0,manual_confirmado,no_libre,certificado,no_libre,barra,barra,True,True,208.0
P033,MAC,Lustreglass Sheer-Shine Lipstick,F0414,"thanks, it's mac",L'Oreal,Colour Riche Lipcolour,F0394,800 fairest nude,economica,1,1,baja,TikTok,creador de contenido,1.0,0.7,manual_confirmado,no_libre,no_libre,no_libre,barra,barra,True,True,408.0
P034,MAC,Labial MACXIMAL SILKY MATTE LIPSTICK,F0428,honey love;kinda sexy,essence,Hydra Matte Lipstick,F0300,Peach it;honey-stly,economica,2,2,media,TikTok,creador de contenido,0.952,1.0,alto,no_libre,certificado,no_libre,barra,barra,True,True,156.0
P035,MAC,LABIAL MACXIMAL SILKY MATTE,F0428,velvet teddy,Maybelline,Color Sensational Ultimatte Labial ultrafino,F0453,More Stone,economica,1,6,alta,TikTok,"creador de contenido, comunidad",0.952,0.771,manual_confirmado,no_libre,no_libre,no_libre,barra,barra,True,True,117.0
P036,MAC,LABIAL MACXIMAL SILKY MATTE,F0428,velvet teddy,Maybelline,SUPER STAY MATTE INK,F0449,Seductress,economica,1,1,baja,TikTok,creador de contenido,0.952,0.826,alto,no_libre,no_libre,no_libre,barra,liquido,False,False,437.0
P037,MAC,Labial MACXIMAL SILKY MATTE LIPSTICK,F0428,mehr,revlon,Super Lustrous Lipstick,F0527,Sassy Mauve,economica,1,1,baja,TikTok,creador de contenido,0.952,1.0,alto,no_libre,no_libre,no_libre,barra,barra,True,True,89.0
P039,MAC,LABIAL MACXIMAL SLEEK SATIN,F0426,paramount,wet n wild,MEGA LAST LIP COLOR,F0639,Cinnamon spice,economica,1,11,alta,TikTok,"creador de contenido, comunidad",0.952,1.0,alto,no_libre,certificado,no_libre,barra,barra,True,True,92.0
P040,Too Faced,Lip Injection Maximum Plump,F0617,Bluberry Buzz,essence,What The Fake! Plumping Lip Filler,F0295,Berry Shimmer,economica,1,1,baja,Reddit,comunidad,0.75,0.806,manual_confirmado,certificado,certificado,certificado,gloss,balsamo,False,False,132.0
