id_formula,tono,calificador_presentacion
F0001,,
F0002,,
F0003,,
F0004,,
F0005,,
F0006,030 Pink Lily,
F0007,,
F0008,020 Dazzling Apricot,
F0009,020 Ginger Shot,
F0010,040 Gossip Girl,
F0011,010 Plump It Like Its Hot,
F0012,,
F0013,,
F0014,,
F0015,Poppin Champagne,
F0016,040 Bisou Bisou,
F0017,,
F0018,,
F0019,040 Call Nine Wine Wine,
F0020,010 Shell Yeah,
F0021,,
F0022,,
F0023,,
F0024,,
F0025,050 It Was Mint To Be,
F0026,,
F0027,,
F0028,,
F0029,,
F0030,,
F0031,,
F0032,,
F0033,,
F0034,,
F0035,,
F0036,,
F0037,,
F0038,060 Party Crasher,
F0039,,
F0040,C02 True Bloom,
F0041,010,
F0042,,
F0043,No Fake Love,
F0044,020 Spice It Up,
F0045,,
F0046,,
F0047,Selflove Amd Glitter,
F0048,050 Bury Me In Rubies,
F0049,,
F0050,C01 Lips Don't Lie,
F0051,,
F0052,,
F0053,,
F0054,25 Tropic Feels,
F0055,Illusion Of Perfection,
F0056,,
F0057,020 Drama Mama,
F0058,,
F0059,030 Never Let You Down,
F0060,020,
F0061,Honey Im Home,
F0062,,
F0063,,
F0064,,
F0065,24 7,
F0066,,
F0067,,
F0068,,
F0069,,
F0070,,
F0071,010,
F0072,,
F0073,,
F0074,060 Drunk In Love,
F0075,030 Nice Bonbon,
F0076,050 Cherry Delicious,
F0077,,
F0078,010 You Are One In A Melon,
F0079,010 Hot Plumper,
F0080,,
F0081,,
F0082,010 Guilty Treasure,
F0083,,
F0084,070 Cherry On Top,
F0085,04 Kiwi To My Heart,
F0086,040 Trick Or Treat,
F0087,110 Flaming Hearts,
F0088,,
F0089,C03 Secret Kiss,
F0090,,
F0091,,
F0092,25 Balmy Breeze,
F0093,030 Butter Together,
F0094,,
F0095,Work It Twerk It,
F0096,03 Pink Lemon Squeezin,
F0097,,
F0098,,
F0099,030 Less Bitter More Glitter,
F0100,,
F0101,,
F0102,25 Sheer Sunset,
F0103,,
F0104,,
F0105,060 Malibu Barbie,
F0106,,
F0107,040 I Like You Berry Much,
F0108,,
F0109,,
F0110,,
F0111,020 Cherry Blossom Glow,
F0112,,
F0113,040 A Girls Best Friend,
F0114,020 Strawrr Berry,
F0115,,
F0116,,
F0117,,
F0118,,
F0119,,
F0120,,
F0121,148 Libere Rouge,
F0122,,
F0123,,
F0124,,
F0125,,
F0126,,
F0127,,
F0128,,
F0129,,
F0130,,
F0131,,
F0132,,
F0133,,
F0134,,
F0135,,
F0136,,
F0137,,
F0138,,
F0139,,
F0140,,
F0141,,
F0142,Naughty Talk,
F0143,,
F0144,,
F0145,,
F0146,,
F0147,,
F0148,,
F0149,,
F0150,,
F0151,,
F0152,,
F0153,,
F0154,,
F0155,,
F0156,,
F0157,,
F0158,,
F0159,,
F0160,,
F0161,,
F0162,,
F0163,,
F0164,,
F0165,,
F0166,,
F0167,,
F0168,,
F0169,,
F0170,000 Diornatural Satin Finish,
F0171,,
F0172,,
F0173,,
F0174,,
F0175,,
F0176,,
F0177,001 Diormidnight,
F0178,,
F0179,,
F0180,,
F0181,2023,
F0182,,
F0183,,
F0184,720,
F0185,,
F0186,,
F0187,,
F0188,,
F0189,,
F0190,,
F0191,105 Lychee,
F0192,,
F0193,,
F0194,,
F0195,25,
F0196,,
F0197,,
F0198,2025,
F0199,Tough Cookie,
F0200,Cider,
F0201,,
F0202,,
F0203,,
F0204,,
F0205,,
F0206,,
F0207,,
F0208,Strawberry,
F0209,,
F0210,,
F0211,,
F0212,,
F0213,,
F0214,,
F0215,,
F0216,,
F0217,,
F0218,,
F0219,,
F0220,,
F0221,Peach,
F0222,,
F0223,,
F0224,,
F0225,,
F0226,,
F0227,02 Soft Peach,
F0228,02 Sweet Strawberry,
F0229,01 Livin La Vida Mocha,
F0230,Peachy Vibes,
F0231,04 Crazy Cherry,
F0232,,
F0233,01 Coconut Crush,
F0234,,
F0235,12 Behind The Scenes,
F0236,,
F0237,,
F0238,01 Proud Pitaya,
F0239,06 Amazing Acai,
F0240,,
F0241,,
F0242,,
F0243,,
F0244,,
F0245,,
F0246,,
F0247,,
F0248,,
F0249,,
F0250,01 Crazy Cherry,
F0251,,
F0252,03 Cozy Caramel Latte,
F0253,01 Hibis Kiss,
F0254,,
F0255,412 Everyberry S Darling,
F0256,,
F0257,03 Mandarin Miracle,
F0258,,
F0259,,
F0260,,
F0261,,
F0262,08 Pretty Plum,
F0263,,
F0264,,
F0265,04 Mint Magic,
F0266,103 Proud Papaya,
F0267,,
F0268,,
F0269,,
F0270,09 Fresh Banana,
F0271,,
F0272,,
F0273,06 Coconut Lust,
F0274,,
F0275,,
F0276,,
F0277,,
F0278,01 Raspberry Dream,
F0279,,
F0280,,
F0281,Biscuit Bliss,
F0282,,
F0283,03 Wild Watermelon,
F0284,08,
F0285,,
F0286,03 Toffeetastic,
F0287,,
F0288,104 Poppin Pomegranate,
F0289,,
F0290,,
F0291,,
F0292,,
F0293,13 Im Allergic To Color,
F0294,Crazy,
F0295,,
F0296,,
F0297,06 Wake Me Up Before You Coco,
F0298,04 Lucky Lemon,
F0299,02 Vanilla La Love,
F0300,,
F0301,,
F0302,01 Soft Sweet Creamy,
F0303,,
F0304,,
F0305,02 Lovely Raspberry,
F0306,,
F0307,,
F0308,,
F0309,105 Bouncy Bubblegum,
F0310,Coral Sunset,
F0311,03 Time To Pitaya,
F0312,,
F0313,01 Cyber Space,
F0314,02 Strawberry Star,
F0315,,
F0316,Classy Glassy,
F0317,,
F0318,,
F0319,,
F0320,,
F0321,Pocketful Of Sunshine,
F0322,,
F0323,,
F0324,106 Mellow Mango,
F0325,,
F0326,02 Pinkified,
F0327,01 Everyones Nude Pink,
F0328,05 Bold Blackberry,
F0329,10 Peach Oil,
F0330,10 Sweet Mint,
F0331,,
F0332,,
F0333,,
F0334,107 Glowy Gummy,
F0335,102 Witty Watermelon,
F0336,02 So Berry Cute,
F0337,,
F0338,Pineapple,
F0339,,
F0340,,
F0341,,
F0342,,
F0343,,
F0344,,
F0345,,
F0346,,
F0347,,
F0348,,
F0349,,
F0350,,
F0351,,
F0352,,
F0353,Glass Slipper,
F0354,,
F0355,,
F0356,,
F0357,,
F0358,,
F0359,,
F0360,,
F0361,,
F0362,,
F0363,,
F0364,,
F0365,,
F0366,,
F0367,06 Cherry Red,
F0368,,
F0369,,
F0370,,
F0371,05,
F0372,,
F0373,,
F0374,,
F0375,Cinnamon Sugar,
F0376,Peach,
F0377,,
F0378,Grapefruit,
F0379,Matcha Bubble Tea,
F0380,Vanilla,
F0381,,
F0382,Gummy Bear,
F0383,Berry,
F0384,,
F0385,Pear,
F0386,,
F0387,,
F0388,,
F0389,,
F0390,,
F0391,,
F0392,107 Seine Sunset,
F0393,,
F0394,,
F0395,,
F0396,,
F0397,,
F0398,,
F0399,,
F0400,,
F0401,Blooming Rose,
F0402,,
F0403,,
F0404,,
F0405,,
F0406,,
F0407,,
F0408,,
F0409,,
F0410,,
F0411,Brave Red,
F0412,,
F0413,,
F0414,,
F0415,,
F0416,,
F0417,,
F0418,,
F0419,,
F0420,,
F0421,,
F0422,,
F0423,,
F0424,,
F0425,,
F0426,,
F0427,,
F0428,,
F0429,,
F0430,,
F0431,,
F0432,,
F0433,,
F0434,64 Unreal,
F0435,,
F0436,,
F0437,,
F0438,,
F0439,,
F0440,,
F0441,,
F0442,,
F0443,,
F0444,,
F0445,,
F0446,,
F0447,,
F0448,,
F0449,,
F0450,,
F0451,,
F0452,,
F0453,,
F0454,,satinado
F0455,Pink Punch,
F0456,,
F0457,,mate
F0458,,
F0459,,
F0460,Anti-Oxidant Berry,
F0461,,
F0462,,
F0463,,
F0464,,
F0465,130,
F0466,,
F0467,,
F0468,,
F0469,,
F0470,,
F0471,,
F0472,,
F0473,,
F0474,,
F0475,,
F0476,,
F0477,,
F0478,,
F0479,,
F0480,,
F0481,,
F0482,,
F0483,Strawberry Melon,
F0484,,
F0485,,
F0486,,
F0487,Juicy Boo,
F0488,,
F0489,,
F0490,,
F0491,,
F0492,,
F0493,,
F0494,,
F0495,,
F0496,Nude Truffle,
F0497,,
F0498,,
F0499,,
F0500,,
F0501,,
F0502,,
F0503,,
F0504,,
F0505,,
F0506,,
F0507,,
F0508,,
F0509,,
F0510,,
F0511,,
F0512,Chillz,
F0513,,
F0514,,
F0515,,
F0516,,
F0517,,
F0518,,
F0519,Clear,
F0520,,
F0521,,
F0522,,
F0523,,
F0524,,
F0525,,
F0526,,
F0527,,
F0528,,
F0529,,
F0530,,
F0531,,
F0532,,
F0533,,
F0534,,
F0535,,
F0536,,
F0537,,
F0538,,
F0539,,
F0540,,
F0541,,
F0542,,
F0543,,
F0544,,
F0545,,
F0546,,
F0547,,
F0548,,
F0549,,
F0550,,
F0551,,
F0552,,
F0553,,
F0554,15,
F0555,,
F0556,,
F0557,,
F0558,,
F0559,Grapefruit,
F0560,,
F0561,,
F0562,,
F0563,,
F0564,,
F0565,,
F0566,,
F0567,,
F0568,,
F0569,,
F0570,,
F0571,,
F0572,,
F0573,,
F0574,,
F0575,,
F0576,,
F0577,,
F0578,,
F0579,,
F0580,,
F0581,,
F0582,,
F0583,30 Lip Balm,
F0584,,
F0585,,
F0586,,
F0587,,
F0588,,
F0589,,
F0590,,
F0591,,
F0592,,
F0593,,
F0594,,
F0595,,
F0596,,
F0597,,
F0598,,
F0599,,
F0600,,
F0601,,
F0602,,
F0603,,
F0604,,
F0605,,
F0606,,
F0607,,
F0608,,
F0609,,
F0610,,
F0611,,
F0612,,
F0613,,
F0614,,
F0615,,
F0616,,
F0617,,
F0618,Cream Soda,
F0619,,
F0620,,
F0621,,
F0622,,
F0623,,
F0624,,
F0625,,
F0626,Bee Nice,
F0627,Spilled Wine,
F0628,,
F0629,,
F0630,,
F0631,Shimmer Me Baby,
F0632,,
F0633,,
F0634,,
F0635,,
F0636,,
F0637,Lay Down The Mauves,
F0638,Hear Me Out,
F0639,,
F0640,Halo’s Way,
F0641,,
F0642,,
F0643,Bare Intentions,
F0644,,
F0645,,
